Date,Open,High,Low,Close,Adj Close,Volume
2017-01-02,505.549988,506.475006,499.674988,500.549988,437.759674,2335222
2017-01-03,502.049988,502.450012,491,496.924988,434.589447,6778482
2017-01-04,497.524994,502.100006,496.125,498.875,436.29483,7073586
2017-01-05,500.799988,504.75,494.375,498.075012,435.595154,8207074
2017-01-06,497.450012,499.424988,484.024994,486.125,425.144226,14393448
2017-01-09,486.125,488.475006,482.5,485.174988,424.313385,10545692
2017-01-10,488.5,490.5,483.975006,485.274994,424.400848,11939854
2017-01-11,487.100006,489.225006,481.975006,484.549988,423.766754,12241574
2017-01-12,488.774994,502.200012,488.774994,500.024994,437.300537,11855740
2017-01-13,515,520,481.350006,487.899994,426.696533,31276246
2017-01-16,482.5,482.725006,476.225006,477.825012,417.885468,12351372
2017-01-17,478.125,482,476.200012,477.700012,417.776123,5560094
2017-01-18,479.049988,480.5,474.899994,475.399994,415.764587,5952962
2017-01-19,475.5,479.799988,474.049988,479.049988,418.956665,8876480
2017-01-20,475,476.575012,473,474.350006,414.846313,9124742
2017-01-23,472.5,479,470,476.350006,416.595398,7948580
2017-01-24,475,475,470.049988,472.774994,413.468903,6826010
2017-01-25,473.049988,473.399994,467.399994,468.299988,409.555176,9978090
2017-01-27,466.924988,473.774994,450.575012,471.075012,411.982178,10635138
2017-01-30,468.75,475.75,464.424988,474.674988,415.130493,11369208
2017-01-31,470.75,470.75,452.174988,464.299988,406.057007,24068534
2017-02-01,460.549988,461.600006,452.575012,458.375,400.875275,11531782
2017-02-02,458.5,472.5,455.049988,467.950012,409.249176,11828268
2017-02-03,466.899994,470.450012,460.524994,468.049988,409.336578,8423958
2017-02-06,468.625,471.875,465.274994,467.625,408.964905,6727934
2017-02-07,466.5,474.899994,464.274994,471.125,412.025879,9268002
2017-02-08,468,472.049988,466.225006,468.25,409.511475,6319962
2017-02-09,468.5,475,468.274994,473,413.665649,11907266
2017-02-10,473.125,486,471.649994,484.149994,423.416962,12252452
2017-02-13,486.424988,493.049988,481.424988,492.174988,430.435272,13724268
2017-02-14,490,494.5,486.174988,493.850006,431.900177,9338818
2017-02-15,494.600006,499.399994,484.399994,490.899994,429.320221,7259486
2017-02-16,495.5,506.950012,495.024994,506.049988,442.569763,12815858
2017-02-17,506.875,506.875,496.350006,500.049988,437.322388,4851208
2017-02-20,498.25,515.5,496.75,505.125,441.760773,4650662
2017-02-21,511.049988,512.25,500.024994,506.799988,443.225616,7613996
2017-02-22,507.5,507.5,493.200012,495.075012,432.971436,6607838
2017-02-23,499.450012,510,496.674988,504.424988,441.148529,9542656
2017-02-27,503.649994,511.5,503.475006,506.200012,442.700958,5328696
2017-02-28,505.924988,511.350006,504.625,506.200012,442.700958,5940132
2017-03-01,506,513.5,505.049988,512.575012,448.276276,4282448
2017-03-02,512.200012,514,508.25,511.649994,447.467255,2948498
2017-03-03,505.125,517.150024,500.200012,515.599976,450.921753,5401612
2017-03-06,510.024994,517.974976,509.850006,516.950012,452.102448,5286386
2017-03-07,511,512.900024,507.350006,509.899994,445.936798,4644496
2017-03-08,508.450012,508.450012,502.225006,503.899994,440.689453,6179176
2017-03-09,503.899994,506.5,499.5,505.774994,442.329254,3480630
2017-03-10,507.5,513.825012,506.700012,510.924988,446.833191,4550324
2017-03-14,511.399994,520.950012,511.399994,517.400024,452.496033,7878396
2017-03-15,517.450012,517.450012,503.75,505.975006,442.50415,6373978
2017-03-16,506.649994,515.849976,506.649994,514.424988,449.894196,6702956
2017-03-17,517.700012,521.450012,509.625,520.150024,454.901031,9507846
2017-03-20,513.275024,513.275024,507.549988,510.75,446.680176,4427388
2017-03-21,510.450012,517.474976,509.399994,516.424988,451.643311,4869584
2017-03-22,511.225006,519.974976,510.200012,513.849976,449.391296,3990852
2017-03-23,514.125,521.5,513.299988,520.224976,454.966614,4501662
2017-03-24,519,522,513.849976,515.700012,451.009277,4883896
2017-03-27,513.599976,520.924988,512.25,514.424988,449.894196,7684824
2017-03-28,515.75,519.5,515.025024,517.575012,452.649078,4796796
2017-03-29,517.150024,520.75,512.924988,515.924988,451.206024,6981186
2017-03-30,517,517.950012,510.125,512.75,448.42926,12157180
2017-03-31,511.625,514.650024,504,511.125,447.008179,14153854
2017-04-03,516.075012,516.224976,503.049988,504.399994,441.126709,4315600
2017-04-05,502.5,502.700012,495.5,497.975006,435.50769,7398338
2017-04-06,499.075012,502.899994,496,499.799988,437.103729,5379008
2017-04-07,500.450012,500.450012,489.5,490.774994,429.210968,6404508
2017-04-10,492.450012,494.75,475.049988,476.700012,416.901489,9528472
2017-04-11,478.024994,485.850006,478.024994,483.575012,422.914124,8655466
2017-04-12,485,488.450012,480.174988,484.424988,423.65744,6696752
2017-04-13,485,495,463.325012,465.700012,407.281464,30973188
2017-04-17,465,466.049988,461.75,462.450012,404.439056,7213434
2017-04-18,462.375,467,459.549988,461.325012,403.45517,4647518
2017-04-19,461.5,465,456.325012,459.600006,401.946594,10071702
2017-04-20,460.75,464.850006,459.274994,463.649994,405.488556,4549000
2017-04-21,467.399994,467.399994,460.549988,461.850006,403.914337,3577466
2017-04-24,458.75,464.25,456.5,463.274994,405.160614,5556666
2017-04-25,462.950012,466.5,460.274994,464.674988,406.384979,4737060
2017-04-26,464.975006,467.774994,455.100006,457.125,399.782074,9084496
2017-04-27,458,464.5,458,462.625,404.592102,7797208
2017-04-28,463.424988,463.700012,457.799988,459.475006,401.837219,5029702
2017-05-02,462,463.200012,457.549988,461.299988,403.433319,3231126
2017-05-03,463.25,469.549988,458.825012,467.149994,408.549438,4659448
2017-05-04,468.5,469.825012,464.450012,468.825012,410.014404,5279806
2017-05-05,468,468.674988,460,465.75,407.325073,4432788
2017-05-08,469,474.274994,466,472.75,413.447021,4707098
2017-05-09,475.299988,475.975006,471.049988,473.325012,413.949921,5649372
2017-05-10,473.575012,475,468.575012,471.825012,412.638062,3364302
2017-05-11,473.424988,474.924988,468.774994,472.049988,412.8349,3229482
2017-05-12,476.5,483,475.725006,482.125,421.645966,10979996
2017-05-15,481.75,481.75,474.549988,475.774994,416.092529,7297164
2017-05-16,476.549988,480.075012,473.475006,477.5,417.601135,6130168
2017-05-17,475.799988,479.225006,471.924988,476.399994,416.63916,2915508
2017-05-18,471.5,486.950012,471.424988,480.875,420.552795,8057848
2017-05-19,480.75,481.350006,473.924988,478.975006,418.891144,4257396
2017-05-22,479.200012,483.450012,478.274994,480.725006,420.421631,5503052
2017-05-23,482.325012,483.5,477.049988,478.649994,418.606873,4039982
2017-05-24,480,482.75,474.799988,477.399994,417.513733,5636286
2017-05-25,480.5,493.299988,480.5,491.649994,429.976135,10438514
2017-05-26,493.5,500,490.299988,497.850006,435.398376,4988004
2017-05-29,495.450012,498.350006,487.850006,492.575012,430.785095,6308434
2017-05-30,491,500,489.325012,498.100006,435.617065,3716910
2017-05-31,496.774994,496.774994,487.424988,488.524994,427.243164,7763900
2017-06-01,484.649994,489.850006,479.274994,485.700012,431.283417,5508606
2017-06-02,486.700012,487.725006,482.100006,484.725006,430.417633,3917966
2017-06-05,485,486,478.524994,479.375,425.666992,5462698
2017-06-06,482.5,493.75,482.200012,489.674988,434.813019,7008686
2017-06-07,492.5,494.450012,472.5,480.649994,426.799133,12455046
2017-06-08,481.475006,481.475006,474.075012,478.225006,424.645905,6195352
2017-06-09,469.274994,475.475006,461.5,474.299988,421.160614,14757662
2017-06-12,471.674988,482.600006,470.049988,481.924988,427.931335,8591676
2017-06-13,476.75,481.475006,475.799988,478.899994,425.245239,4937794
2017-06-14,480,480.950012,475.600006,479.299988,425.600403,7438110
2017-06-15,479.825012,483.975006,474.799988,476.049988,422.714539,5528062
2017-06-16,474.549988,476.924988,468,470.125,417.453369,10948450
2017-06-19,469.975006,470.125,464,464.924988,412.835938,6855860
2017-06-20,467.5,473.450012,467.024994,471.774994,418.918549,5184396
2017-06-21,472.5,474.5,468.024994,471.674988,418.829773,3735864
2017-06-22,473.850006,484.350006,467.549988,470.075012,417.408966,9465242
2017-06-23,472.5,474.575012,469,471.625,418.785309,6403018
2017-06-27,472.5,474,461.875,463.524994,411.592834,6904660
2017-06-28,466.399994,466.5,460.5,462.350006,410.54953,5905224
2017-06-29,465.100006,473.975006,463.299988,465.100006,412.991394,15914040
2017-06-30,465.399994,469,464.5,467.774994,415.366608,4216700
2017-07-03,470.549988,477.5,467.299988,475.950012,422.625702,5088924
2017-07-04,476.924988,485,474.700012,481.075012,427.176575,5167726
2017-07-05,479.5,479.5,472.700012,475.450012,422.181793,4226228
2017-07-06,472.5,478.5,472.100006,473.5,420.450226,3829720
2017-07-07,471.924988,472.725006,466.524994,467.700012,415.300049,5776886
2017-07-10,471.600006,479.899994,470,478.524994,424.912262,1464376
2017-07-11,478.325012,494.75,478.325012,487.674988,433.037109,11539708
2017-07-12,487.475006,490.75,484.375,486.174988,431.70517,6275976
2017-07-13,488.625,491.725006,482.049988,488.524994,433.79187,5170392
2017-07-14,499.725006,503.424988,483.024994,486.024994,431.571991,22478180
2017-07-17,487.5,496,487,492.024994,436.899719,7698250
2017-07-18,493.024994,502.399994,490.549988,492.799988,437.58786,8260180
2017-07-19,490.725006,494.325012,484.549988,489.924988,435.035004,5890278
2017-07-20,489.649994,489.924988,483.475006,484.725006,430.417633,6809740
2017-07-21,486.5,491.274994,485.700012,490.049988,435.146027,5980754
2017-07-24,491.75,497,491.299988,495.274994,439.785645,6129176
2017-07-25,495,499.5,493.100006,496.924988,441.250793,7145614
2017-07-26,499.049988,499.5,495.200012,497.024994,441.3396,6870024
2017-07-27,498,502,483.399994,485.524994,431.128021,12676852
2017-07-28,488,501.5,481.149994,498.674988,442.804657,11098428
2017-07-31,495.950012,510.850006,493.375,505.600006,448.953857,19158248
2017-08-01,505.5,508.5,499.174988,502.774994,446.445343,7689398
2017-08-02,503,506.375,493.600006,496.674988,441.028748,4257584
2017-08-03,495.5,499.375,490.125,492,436.877563,4640348
2017-08-04,494,494.5,488.024994,491.875,436.766602,5349018
2017-08-07,491.75,491.875,482.850006,484.125,429.884827,6073744
2017-08-08,484.25,485.125,477.524994,481.924988,427.931335,6004648
2017-08-09,483.825012,486.950012,482.274994,484.674988,430.37323,3922410
2017-08-10,484.950012,493.75,484.674988,490.625,435.656586,9140684
2017-08-11,488,498.5,484.799988,493.850006,438.520294,6544156
2017-08-14,494,494.600006,488.575012,490.725006,435.745361,3816470
2017-08-16,491,493.049988,484.5,487.600006,432.97052,6178080
2017-08-17,502.5,514.625,499.024994,510.424988,453.238251,25784260
2017-08-18,508.950012,508.950012,442.100006,461.625,409.905731,164404960
2017-08-21,462,462,435,436.700012,387.773254,90407176
2017-08-22,447.600006,448.524994,430,437.700012,388.661224,49242598
2017-08-23,440,451.850006,436.950012,446.399994,396.386475,61284190
2017-08-24,455,459.125,451.174988,456.075012,404.977539,42380524
2017-08-28,471.975006,476.975006,469,470.5,417.786316,40712108
2017-08-29,470.725006,471,462.774994,463.725006,411.770416,13369392
2017-08-30,468.600006,469.5,462.049988,463.325012,411.415222,16149664
2017-08-31,464.399994,464.475006,456.450012,457.475006,406.220642,15022452
2017-09-01,457.975006,462.950012,455,459.975006,408.440552,8433922
2017-09-04,460.5,460.549988,446.75,450.100006,399.671936,10177108
2017-09-05,451,452.5,448.625,450.950012,400.426727,9783392
2017-09-06,450,450.149994,445,447.799988,397.629547,7735910
2017-09-07,450,450.25,446.174988,447.875,397.696198,6241192
2017-09-08,449.5,449.5,441.049988,442.149994,392.612579,8604542
2017-09-11,445.200012,445.899994,436.825012,439.350006,390.126312,13787642
2017-09-12,441.274994,443.875,439.399994,442.024994,392.501617,17241354
2017-09-13,442.75,443.799988,440.5,441.875,392.368408,11478228
2017-09-14,442.25,448.299988,440.799988,446.200012,396.208862,13698006
2017-09-15,446.149994,456.625,446.100006,454.125,403.246002,13459460
2017-09-18,455,458.875,453.149994,454.549988,403.623352,8475860
2017-09-19,454,458,451.75,456.125,405.021912,6033330
2017-09-20,458.5,458.5,453.725006,456.350006,405.22171,5767830
2017-09-21,457.5,457.625,454.075012,454.774994,403.823151,8204152
2017-09-22,454.075012,455.125,444,449.149994,398.828339,17604088
2017-09-25,450.5,450.975006,444.549988,447.674988,397.518646,9088700
2017-09-26,448.5,454.200012,447.149994,452.950012,402.202606,7366478
2017-09-27,453.049988,453.950012,447.549988,449.899994,399.494354,6000138
2017-09-28,448.049988,451.950012,447.149994,448,397.80722,17537266
2017-09-29,449,451.200012,447.5,449.950012,399.538757,5705832
2017-10-03,455.049988,456,450.799988,451.774994,401.15921,4947522
2017-10-04,451.5,452.700012,448.575012,449.799988,399.405548,4991492
2017-10-05,450,452.475006,449.5,451.524994,400.937256,8611300
2017-10-06,452,461,451.975006,460.075012,408.529327,8574308
2017-10-09,460,464.5,457,461.950012,410.194336,3504832
2017-10-10,469.975006,469.975006,464.774994,467.725006,415.322266,7143220
2017-10-11,467.725006,469,464,465.350006,413.213318,5982504
2017-10-12,465,467.174988,459.774994,463.649994,411.703796,10280972
2017-10-13,466.399994,466.75,463.774994,465.049988,412.94693,7180728
2017-10-16,467.975006,471,466.5,469.5,416.898407,5758750
2017-10-17,468.399994,468.399994,464.75,465.25,413.124573,5625102
2017-10-18,464.450012,465,461.475006,462.174988,410.394012,7231852
2017-10-19,465,466,462.600006,463.475006,411.548401,1091434
2017-10-23,465,471,464.049988,469.75,417.120422,9154096
2017-10-24,473,473.325012,460.799988,463.25,411.348633,14529328
2017-10-25,459.5,472.350006,457.625,467.649994,415.255646,13984134
2017-10-26,471,475.899994,470.049988,473.674988,420.605652,33659258
2017-10-27,477.5,478.850006,472,473.174988,420.161621,8524956
2017-10-30,477.325012,477.325012,470.524994,472.049988,419.162659,12968326
2017-10-31,462.5,465,460,460.924988,414.998505,9954988
2017-11-01,462.5,464.700012,461.649994,463.524994,417.339478,5633134
2017-11-02,461.524994,463,460,461.450012,415.471252,4686138
2017-11-03,458.5,464.950012,458.475006,463.325012,417.159393,3699086
2017-11-06,461.575012,467.5,461.325012,464.350006,418.082275,5066534
2017-11-07,463.125,480,462.924988,477.75,430.147156,13442820
2017-11-08,480.125,480.924988,473.75,476.149994,428.706543,5369994
2017-11-09,476.5,481.5,474.125,477.25,429.696899,4723232
2017-11-10,479.399994,482.174988,475,481.024994,433.095795,6589428
2017-11-13,481.024994,484.700012,474.674988,475.975006,428.548981,5021216
2017-11-14,475.975006,477.424988,471.625,474.549988,427.2659,5733710
2017-11-15,472.575012,476.75,472.25,475.899994,428.481415,7023516
2017-11-16,475.899994,497.950012,474.25,494.200012,444.958069,15687502
2017-11-17,492.75,492.75,482.575012,485.475006,437.102386,8057670
2017-11-20,484.5,485.5,478.625,480.274994,432.420532,5661190
2017-11-21,480.649994,485.75,480.024994,483.125,434.986572,5364656
2017-11-22,483.299988,485.524994,481.649994,483.149994,435.009033,6084920
2017-11-23,485.75,497.225006,484.5,495.625,446.241089,11894618
2017-11-24,495.450012,509.649994,495.100006,504.774994,454.47934,18619912
2017-11-27,503.350006,503.350006,496.649994,499.375,449.617401,6017730
2017-11-28,497.200012,499.950012,490.649994,492.350006,443.292389,4616868
2017-11-29,493.825012,495.975006,490.149994,491.350006,442.392029,3838070
2017-11-30,494.725006,494.725006,484.174988,488.049988,439.420807,17266944
2017-12-01,489.700012,491.600006,478.524994,479.399994,431.63266,4085000
2017-12-04,490,498.399994,484.274994,492.674988,443.584961,17811606
2017-12-05,492.674988,501.5,489.5,492.174988,443.134796,9976738
2017-12-06,492.5,497.049988,492,495.149994,445.813416,7490094
2017-12-07,494.5,501.450012,492.799988,499.899994,450.090057,7549544
2017-12-08,500.5,503.5,497.5,500.924988,451.01297,5983244
2017-12-11,497.475006,503.450012,496.975006,502.649994,452.56604,5139098
2017-12-12,501,507,501,505.25,454.906982,9320434
2017-12-13,505.450012,509.5,498.825012,501.875,451.868347,5362398
2017-12-14,502.625,507.5,499.649994,506.549988,456.077484,6023572
2017-12-15,506.5,513.200012,505.924988,511.450012,460.489288,10384134
2017-12-18,505.950012,515.349976,502.899994,508.299988,457.653107,4035448
2017-12-19,508.725006,508.975006,499.774994,501.975006,451.958282,7118898
2017-12-20,502.549988,509.299988,500.5,507.924988,457.31546,4186326
2017-12-21,507.399994,514.474976,499.200012,511.024994,460.106598,11059162
2017-12-22,508,522.400024,508,519.674988,467.894714,12906940
2017-12-26,515,520.75,511.5,517.799988,466.206543,10808906
2017-12-27,514,519.549988,513.700012,517.125,465.598755,6970172
2017-12-28,515,520,511.899994,516.625,465.148651,8433472
2017-12-29,515.049988,524.400024,515,521.025024,469.110199,6601768
2018-01-01,518.849976,522.25,515,516.775024,465.283661,5431340
2018-01-02,518.625,521,511.5,514.849976,463.550446,6112248
2018-01-03,514.25,515.799988,509.299988,510.649994,459.768951,6846552
2018-01-04,510.5,510.5,504.799988,507.700012,457.112885,8947614
2018-01-05,507.649994,513.200012,503,506,455.582275,11025976
2018-01-08,512.450012,519.5,510.024994,518.025024,466.409149,5594690
2018-01-09,520,522.450012,514.450012,520.674988,468.795074,9948236
2018-01-10,523.400024,528,516.525024,526.125,473.702026,9468634
2018-01-11,527.625,541.700012,527.625,537.900024,484.303833,16775298
2018-01-12,542.900024,542.950012,535.275024,539.224976,485.496765,18016528
2018-01-15,540,546.474976,532.549988,540.575012,486.71228,10649250
2018-01-16,540.625,567.400024,540.625,561.424988,505.48468,22646966
2018-01-17,562.424988,580.900024,561.5,576.049988,518.652466,26154088
2018-01-18,572.5,582.450012,566.049988,576.349976,518.922607,13204970
2018-01-19,572.5,573.950012,568,571.724976,514.758423,5988278
2018-01-22,566.075012,578.474976,566,575,517.707153,9650214
2018-01-23,577.5,594,577.5,588.549988,529.907043,15403796
2018-01-24,587.400024,610.525024,583.75,592.900024,533.823547,20604718
2018-01-25,591,591.700012,581.125,587.700012,529.141846,13548914
2018-01-29,583.275024,598.125,582.599976,591.450012,532.518127,10823002
2018-01-30,589.450012,591.549988,581.349976,585.325012,527.003418,8628312
2018-01-31,579.575012,583.299988,571.075012,575.125,517.819641,9213698
2018-02-01,571.099976,578.950012,559.275024,572.299988,515.276184,13005454
2018-02-02,567.625,581.450012,565.049988,571.625,514.668457,10244486
2018-02-05,570,577.424988,567.924988,569.099976,512.394897,9860220
2018-02-06,549.974976,564.174988,547.575012,553.875,498.687103,10552078
2018-02-07,558,562.400024,551.775024,554.525024,499.272278,8342056
2018-02-08,561.400024,573.200012,558.275024,567.125,510.616791,8807244
2018-02-09,559,560.150024,553,554.575012,499.31723,4382690
2018-02-12,557.400024,560.299988,548.900024,551.400024,496.458649,6291972
2018-02-14,553,558.650024,545.099976,548.875,494.185242,8345712
2018-02-15,551.5,564.849976,551.5,557.224976,501.703247,7986736
2018-02-16,562.5,570.825012,559.049988,564.025024,507.825623,9889222
2018-02-19,564.200012,568,560.150024,565.875,509.491394,6461840
2018-02-20,551.875,574.75,551.875,568.474976,511.832336,7188594
2018-02-21,573.75,575.950012,570,573.700012,516.536743,13771358
2018-02-22,572.775024,582,570.224976,580.375,522.54657,17859974
2018-02-23,581.75,583,573.375,577.825012,520.250671,9459828
2018-02-26,575.5,577.525024,567.174988,569.299988,512.575073,5083608
2018-02-27,572.474976,576.825012,562.825012,575.099976,517.797119,6616026
2018-02-28,573.799988,594.75,571.275024,586.299988,527.881165,17268416
2018-03-01,584.799988,584.799988,578.025024,580.375,522.54657,6579852
2018-03-05,580.375,585.400024,571.625,577.950012,520.36322,8101456
2018-03-06,581.275024,582.700012,571.799988,575.674988,518.31488,6689734
2018-03-07,577.5,580,569.025024,572.049988,515.051147,6370416
2018-03-08,574.5,582.900024,574.5,578.325012,520.700806,6093014
2018-03-09,581.174988,583,577.775024,581.700012,523.739563,4220964
2018-03-12,588,595.924988,585.875,592.875,533.801086,7676970
2018-03-13,590.099976,598.5,587.575012,591.900024,532.923218,8581052
2018-03-14,590,595.299988,584.549988,590.400024,531.572754,4429710
2018-03-15,590,594.200012,586,591.25,532.338013,6101500
2018-03-16,591,591.200012,584.625,585.950012,527.566162,17954826
2018-03-19,582,590.25,571.325012,573.375,516.24408,7526620
2018-03-20,574.299988,585,574.299988,582.275024,524.257324,8553766
2018-03-21,585,587.75,581.099976,583.75,525.585205,7692994
2018-03-22,582.25,588.724976,577.650024,580.650024,522.79425,6813168
2018-03-23,573.5,586.900024,571.174988,583.799988,525.63031,12008084
2018-03-26,583.450012,583.450012,572,577.625,520.070618,8930722
2018-03-27,580,580.650024,575.049988,577,519.507813,3802088
2018-03-28,575.375,575.375,563.125,565.900024,509.513885,12558322
2018-04-02,570.5,574.775024,560.650024,568.575012,511.922272,8072702
2018-04-03,567.349976,571.775024,564.049988,570.224976,513.407959,4077168
2018-04-04,572,572.275024,560,562.099976,506.092407,4813302
2018-04-05,569.775024,575.650024,564.549988,573.775024,516.604187,7763544
2018-04-06,571.5,573,561.049988,563.5,507.352936,5937742
2018-04-09,562.5,562.900024,553.275024,555.625,500.262665,7202882
2018-04-10,556,562.25,552.700012,556.700012,501.230621,8926058
2018-04-11,559,565.75,558.25,562.125,506.115021,9025574
2018-04-12,564.724976,586.375,562.5,581.299988,523.379333,17044366
2018-04-13,587,592.950012,575.125,585.724976,527.363586,21227038
2018-04-16,551,570,551,566.599976,510.144073,24745084
2018-04-17,563.5,563.700012,557.5,562.599976,506.542664,10397940
2018-04-18,561.424988,567.375,556.924988,562.974976,506.880249,10430380
2018-04-19,562,569.900024,561.549988,566.424988,509.98645,8525542
2018-04-20,569.5,596.849976,568.474976,589.224976,530.514771,24272692
2018-04-23,584,607.200012,577.625,593.849976,534.678894,21830638
2018-04-24,592.5,598.200012,575.049988,577.25,519.73291,8526216
2018-04-25,576,585.5,572.599976,580.174988,522.366516,11594178
2018-04-26,587,590.825012,580,588.224976,529.61438,11302084
2018-04-27,590,595.799988,587.099976,592.599976,533.553345,7663370
2018-04-30,590.849976,603.974976,590.325012,599.75,539.991028,5511678
2018-05-02,599.450012,600.799988,590.5,598.525024,538.888062,10295042
2018-05-03,598.625,602.349976,588.049988,591.275024,532.360474,5332230
2018-05-04,592.5,593,577.5,586.549988,528.106384,6023368
2018-05-07,590.625,595,587.75,591.5,532.56311,4638960
2018-05-08,588.950012,588.950012,580.525024,582.775024,524.707397,5718556
2018-05-09,583.75,588.450012,581.5,585.349976,527.025818,3783504
2018-05-10,588,591.5,581.424988,584,525.810303,3182862
2018-05-11,586.150024,591.599976,583.025024,590.375,531.550171,3311706
2018-05-14,592.174988,595.75,585,594.650024,535.39917,4432094
2018-05-15,594.049988,604,594.049988,597.275024,537.762634,5611974
2018-05-16,593.625,599,592.25,594.974976,535.691772,6205004
2018-05-17,598,598.724976,586.775024,591.450012,532.518127,9519598
2018-05-18,591.5,593.275024,586.5,591.599976,532.653076,7139660
2018-05-21,589.775024,594.200012,585,589.75,530.987549,8475320
2018-05-22,587.5,599,586.950012,596.924988,537.44751,5636804
2018-05-23,597.5,603.825012,590.75,592.450012,533.418396,9538442
2018-05-24,599,613.775024,599,610.5,549.669983,9740570
2018-05-25,615.049988,624.325012,610.400024,614.150024,552.956238,8901438
2018-05-28,615.5,616.299988,603,607.200012,546.698792,5739794
2018-05-29,607.025024,613.275024,603.099976,608.349976,547.734131,3388934
2018-05-30,608.5,614.375,602.799988,605.849976,545.483215,6323066
2018-05-31,605.849976,621,605.125,615.900024,554.531921,19720340
2018-06-01,615.200012,623.125,608.599976,610.400024,549.579895,4998356
2018-06-04,610.549988,621.5,606,619.700012,557.953186,4270156
2018-06-05,621,621,608.5,610.424988,549.602356,4710862
2018-06-06,612.599976,620.775024,610.025024,618.724976,557.075378,4038184
2018-06-07,619,629,619,626.224976,563.828003,6676226
2018-06-08,624,631,623.025024,630.025024,567.249512,6459878
2018-06-11,632.775024,635,627.525024,631.200012,568.307312,5171290
2018-06-12,632.875,635.625,625.224976,629.25,566.551697,7839820
2018-06-13,633.400024,642,633.400024,637.400024,573.889709,5766928
2018-06-14,626.5,626.5,617.049988,619.849976,562.500671,7598848
2018-06-15,618.5,645.75,617.5,640.625,581.353699,19957760
2018-06-18,642,645.625,631.174988,633.700012,575.069275,8214846
2018-06-19,631.5,631.700012,619.025024,620.799988,563.362854,7545700
2018-06-20,624.25,626.174988,619,621.575012,564.066223,5371802
2018-06-21,622.974976,628.25,618,623.275024,565.608887,5798790
2018-06-22,621.5,627.75,620.599976,623.924988,566.19873,4343118
2018-06-25,628.575012,639.400024,627,636.224976,577.360718,7731178
2018-06-26,634.5,641.950012,633.125,638.924988,579.810913,4483504
2018-06-27,641.974976,646.724976,632.799988,635,576.249023,6952142
2018-06-28,638.150024,649,638.125,644.799988,585.142334,10996818
2018-06-29,649.025024,657.5,641.625,653.599976,593.128235,9966600
2018-07-02,657,670,657,667.349976,605.605957,4830144
2018-07-03,665.950012,678.950012,665.875,676.875,614.249695,8127452
2018-07-04,676.025024,676.325012,669.424988,672.599976,610.370239,5025722
2018-07-05,673.549988,673.625,634.049988,642,582.601379,17019902
2018-07-06,645.125,650.924988,634.5,642.125,582.714966,11215356
2018-07-09,648.5,651.5,639.525024,649.424988,589.339478,6644998
2018-07-10,654.25,657.724976,647.150024,650.700012,590.496521,5974488
2018-07-11,658.775024,671.049988,645.674988,660.224976,599.140137,11899832
2018-07-12,663.049988,663.549988,642.224976,647.174988,587.297546,13272240
2018-07-13,657.5,665.799988,649.174988,658.700012,597.756409,19496158
2018-07-16,658.700012,692.200012,643.849976,666.424988,604.766602,35344680
2018-07-17,664.849976,674.75,656.349976,663.950012,602.52063,11161690
2018-07-18,669.900024,671.700012,657,661.275024,600.093079,6919016
2018-07-19,661.5,665.950012,654.549988,658.349976,597.43866,5118864
2018-07-20,663,683.575012,660.650024,674.049988,611.686157,11705738
2018-07-23,676.075012,684,668.125,677.974976,615.247925,7675702
2018-07-24,687.200012,691.200012,678,688.575012,624.867188,6172246
2018-07-25,689.5,696.900024,682.724976,691.875,627.862,6936922
2018-07-26,689.275024,695.200012,684.599976,686.625,623.097595,7362218
2018-07-27,686.599976,694.5,684.150024,686.724976,623.188477,6493232
2018-07-30,685,686.5,674,675.5,613.001892,6409970
2018-07-31,674.275024,685,667.775024,682.549988,619.399597,7943996
2018-08-01,681.900024,684.224976,675.5,677.025024,614.385925,4675706
2018-08-02,679.799988,683.375,675.075012,676.825012,614.204407,5940742
2018-08-03,683.099976,683.099976,678,682.049988,618.945984,3970390
2018-08-06,683.025024,687.5,673.75,680.325012,617.380554,6178930
2018-08-07,687,689.974976,680.325012,683.974976,620.69281,7351528
2018-08-08,685.900024,686.25,676.650024,681.375,618.333374,3992358
2018-08-09,686.825012,694.724976,686.825012,689.974976,626.137695,6409524
2018-08-10,692.900024,694.5,686.525024,692.724976,628.633301,4779520
2018-08-13,695,704.924988,689.349976,704.375,639.205383,9979746
2018-08-14,706.974976,712.275024,702,704.150024,639.001282,6151320
2018-08-16,707.474976,717.450012,705.625,714.775024,648.64325,6626774
2018-08-17,715.450012,718.825012,711.5,715.174988,649.006165,6390408
2018-08-20,694,703.974976,686.75,692.125,628.088806,16101876
2018-08-21,695,698,686.875,691.974976,627.952637,8361482
2018-08-23,696.5,700.75,692.674988,698.700012,634.055481,7717182
2018-08-24,698.25,700.950012,688.049988,689.150024,625.389099,7053000
2018-08-27,691.5,709.974976,690.700012,707.700012,642.222778,7012950
2018-08-28,708.599976,719.200012,705.75,712.349976,646.442505,6496890
2018-08-29,716.799988,716.799988,702.575012,705.049988,639.817932,5646496
2018-08-30,706.400024,710.775024,698.075012,708.099976,642.585693,11507962
2018-08-31,712.549988,727.150024,710.549988,720.549988,653.88385,10875864
2018-09-03,724.5,733.950012,715,717.125,650.775757,10976328
2018-09-04,722,748.5,716,737.150024,668.94812,15370124
2018-09-05,741.950012,744.049988,725.400024,729.900024,662.368774,8658978
2018-09-06,732.549988,735.5,724.099976,727.150024,659.87323,5598659
2018-09-07,734.349976,735.150024,723.799988,732.799988,665.000549,6510605
2018-09-10,737.75,747,729.400024,730.849976,663.230896,5629871
2018-09-11,735.900024,744.75,732,734.299988,666.361694,6963561
2018-09-12,744.400024,746.5,736.25,742.900024,674.165955,4636617
2018-09-14,741.900024,745,729.049988,733.700012,665.817322,7896514
2018-09-17,735,740,724.599976,725.950012,658.784424,5427054
2018-09-18,730,730,717,719.099976,652.568115,7729732
2018-09-19,727,727,713.200012,719.75,653.157959,4849498
2018-09-21,713.849976,717.400024,692,705.299988,640.0448,14350769
2018-09-24,706.5,729.950012,706.5,718.25,651.796692,8637881
2018-09-25,718.25,736,717,726.200012,659.01123,9602273
2018-09-26,731.200012,731.849976,712,717.849976,651.433716,6599606
2018-09-27,722,730.799988,717.450012,724.799988,657.740662,14592616
2018-09-28,721,734.549988,715.200012,730.049988,662.504883,7490031
2018-10-01,737.5,754.900024,733,746.650024,677.569031,8252398
2018-10-03,743.799988,751.950012,726.299988,728.5,661.098389,7792464
2018-10-04,728.5,729.75,702.5,707.200012,641.769043,6173037
2018-10-05,713,731.5,709.299988,724.599976,657.559082,8543578
2018-10-08,725.049988,728.700012,709.25,714.450012,648.348267,7259306
2018-10-09,717.099976,722.400024,702.650024,717.75,651.342896,6777212
2018-10-10,719.900024,719.900024,695.400024,700.450012,635.643555,8866251
2018-10-11,685,692.900024,663.299988,673.349976,611.050842,10985897
2018-10-12,676.400024,684.049988,661.5,678.799988,615.996643,8909221
2018-10-15,688.599976,705,681.5,698.799988,634.14624,6222176
2018-10-16,710,713.900024,689.400024,695.25,630.924683,11588963
2018-10-17,710,721.799988,701.349976,705.349976,640.09021,20360697
2018-10-19,687,687.700012,678,683.549988,620.307129,10421001
2018-10-22,688.700012,695.049988,673.799988,679.950012,617.040222,6672840
2018-10-23,675.950012,682,653.299988,657.599976,596.758057,9041701
2018-10-24,663,666.5,647.150024,649.799988,589.679871,7058164
2018-10-25,643,656.349976,636.25,648.75,595.138062,8270469
2018-10-26,645.299988,648.700012,629.900024,633.599976,581.240051,5464141
2018-10-29,633.700012,650.549988,631.5,644.75,591.468628,7137446
2018-10-30,641.099976,663.799988,637.450012,659.599976,605.09137,8793411
2018-10-31,663.900024,692.950012,663.049988,686.400024,629.676697,11947995
2018-11-01,689.700012,689.700012,659.599976,666.700012,611.604797,5860244
2018-11-02,665.950012,675.799988,660.099976,662.25,607.5224,6654067
2018-11-05,663.5,668.599976,657,666,610.962524,5799426
2018-11-06,667.900024,675,660.650024,666.450012,611.375366,6975525
2018-11-07,673,677.5,672,675.5,619.677429,758956
2018-11-09,679,679,655.5,659.5,604.999695,9694143
2018-11-12,666,676.400024,662.299988,664.200012,609.311218,7118080
2018-11-13,663.5,667.75,656.299988,665.700012,610.687378,4137808
2018-11-14,665.700012,665.700012,640.5,653.200012,599.220337,7323026
2018-11-15,654,666,646.700012,656.400024,602.155884,5513390
2018-11-16,659.900024,662.5,644.200012,650.849976,597.064453,8583785
2018-11-19,659,662,649.25,651.700012,597.844238,6018930
2018-11-20,651.700012,656,640.099976,641.400024,588.395508,5384830
2018-11-21,640,640.049988,612.099976,619.099976,567.938293,14359086
2018-11-22,622.25,628.150024,616.75,620.75,569.451904,6632975
2018-11-26,621,628,599.849976,621.450012,570.094055,15075209
2018-11-27,625.5,641,625.299988,638.900024,586.102112,12285851
2018-11-28,640.950012,668.700012,640,666.400024,611.329468,17719890
2018-11-29,671,674.900024,658.799988,661.049988,606.421509,13399070
2018-11-30,661,672,660.950012,667.450012,612.292786,10445773
2018-12-03,673.150024,679,665.950012,670.349976,614.953003,8260890
2018-12-04,672.549988,688.25,671.299988,685.25,628.621704,7827923
2018-12-05,683,683.650024,672.5,681.400024,625.089905,5177288
2018-12-06,676.099976,685.450012,664.549988,668.5,613.255859,8039771
2018-12-07,672,685.75,665.599976,682.799988,626.374207,5553948
2018-12-10,669.900024,683.799988,665.200012,669.200012,613.898132,5121196
2018-12-11,669.200012,681.900024,660.599976,674.5,618.760071,7120933
2018-12-12,677.099976,680.650024,670.599976,678.5,622.429443,6926183
2018-12-13,682,700,680,697.75,640.088684,7521474
2018-12-14,697.450012,713.700012,694.400024,706.049988,647.70282,9560576
2018-12-17,711.849976,711.849976,692.75,694.400024,637.015564,4778465
2018-12-18,686.5,686.5,674.549988,676.599976,620.686584,8021298
2018-12-19,671.549988,671.549988,661.099976,664.849976,609.907593,8295459
2018-12-20,660,671.549988,656.400024,667.049988,611.925659,11705260
2018-12-21,659.5,659.5,643.450012,646.200012,592.798828,12802132
2018-12-24,657,658.799988,647.599976,649,595.367371,8379825
2018-12-26,647,647,637.349976,644.049988,590.826477,6178552
2018-12-27,652.75,663.25,649,656.799988,602.522827,15333902
2018-12-28,663.349976,663.5,653.299988,656.950012,602.660461,4736598
2018-12-31,660,662,655.799988,658.950012,604.495239,3373319
2019-01-01,660.950012,666.299988,654.150024,665.049988,610.090942,2943390
2019-01-02,666,674,662.049988,669.049988,613.760376,7416655
2019-01-03,672,677,663.099976,669.150024,613.852295,6827249
2019-01-04,671.75,673.900024,651,661.049988,606.421509,7889310
2019-01-07,665,673.599976,661.5,671.700012,616.191528,8046340
2019-01-08,674.950012,677.450012,668.549988,670.049988,614.677856,8621545
2019-01-09,686.200012,689.799988,664,676.099976,620.227905,18130292
2019-01-10,681.599976,682,672.549988,679.700012,623.530396,9572493
2019-01-11,680.200012,685.5,672.5,683.5,627.016357,12281903
2019-01-14,707,710.200012,695.950012,701.900024,643.895813,19312937
2019-01-15,707.200012,730,707.200012,726.599976,666.554565,19671304
2019-01-16,729.900024,737.799988,728.5,736.799988,675.911621,9658944
2019-01-17,735.799988,739,729.099976,733.349976,672.746765,6903771
2019-01-18,730,736.200012,726.299988,730.950012,670.545105,5902151
2019-01-21,738.200012,751,734,745,683.434082,8129422
2019-01-22,741.25,749,734,745.349976,683.755188,6723375
2019-01-23,742.349976,742.599976,729.200012,731.650024,671.187317,7212099
2019-01-24,728.099976,736.099976,721,732,675.199768,7429783
2019-01-25,728,737.900024,724.25,730.349976,673.677795,5543112
2019-01-28,731,732.599976,719,727.950012,671.46405,7944693
2019-01-29,725.5,732.849976,716.5,727.900024,671.417969,6760819
2019-01-30,727.900024,734.799988,721.099976,725.900024,669.573181,5763026
2019-01-31,726,751.299988,726,749.549988,691.388062,13825233
2019-02-01,751.349976,762.5,744.5,757.049988,698.30603,6276585
2019-02-04,757,762.5,749.200012,755.900024,697.2453,3945391
2019-02-05,747,759.950012,747,754.849976,696.276611,4694366
2019-02-06,755.549988,766.950012,754.349976,763.299988,704.071045,5880482
2019-02-07,763.049988,769.450012,761,764,704.716675,3961797
2019-02-08,760,772.25,754.900024,760.900024,701.857239,5915169
2019-02-11,766.900024,768.75,759,762.799988,703.609802,5500216
2019-02-12,760.349976,760.349976,741,750.450012,692.21814,7310690
2019-02-14,751,753,737.25,740.049988,682.625061,4610535
2019-02-15,742.299988,746.5,732.599976,741.950012,684.377686,5586389
2019-02-18,742.349976,747.650024,736,741.049988,683.547546,5346825
2019-02-19,739.099976,740.549988,721.299988,724.299988,668.097229,9401334
2019-02-20,727,743,726.049988,740.700012,683.22467,5210675
2019-02-21,738,738,727.099976,733.450012,676.537231,7202786
2019-02-22,732.5,738.200012,728,734.950012,677.920837,3750833
2019-02-25,735.549988,758,735.549988,754.900024,696.322876,6547552
2019-02-26,748.599976,752.599976,740.150024,742.5,684.88501,8319610
2019-02-27,745,746.400024,732.75,735.25,678.197571,5936354
2019-02-28,738.700012,742.400024,732.299988,734.299988,677.321289,8559921
2019-03-01,735.5,743.400024,735.5,741.900024,684.331604,3998826
2019-03-05,740.5,742.5,730.25,732.5,675.660889,4826505
2019-03-06,736.099976,736.099976,727,732.5,675.660889,6076668
2019-03-07,734,734.5,720.549988,722.950012,666.85199,5951551
2019-03-08,722.950012,722.950012,710.650024,712.349976,657.074585,7193994
2019-03-11,713.299988,718.5,709.400024,711.25,656.059875,9932198
2019-03-12,709,714.950012,705.599976,706.950012,652.093567,11997387
2019-03-13,710,718.599976,706.299988,708.450012,653.477112,11348867
2019-03-14,714,714.900024,706.200012,708.349976,653.384888,6415187
2019-03-15,712,723.75,709.599976,718.549988,662.793457,14638664
2019-03-18,721.549988,723.700012,705.349976,710.200012,655.091309,8065544
2019-03-19,712.799988,726.5,707.400024,722.25,666.206299,8917337
2019-03-20,727.25,742.299988,727.150024,738.950012,681.610413,13471173
2019-03-22,745,746.349976,732.299988,743.099976,685.438477,8883260
2019-03-25,742.400024,742.400024,730.549988,735.25,678.197571,7644966
2019-03-26,735.25,735.25,719.099976,727.75,671.279541,9406261
2019-03-27,730,732.299988,727.150024,729.700012,673.078308,7387487
2019-03-28,730,745,730,737.799988,680.549744,9277241
2019-04-01,742,760,742,755.099976,696.507202,6584982
2019-04-02,759,765.799988,754.599976,759.400024,700.473633,7283600
2019-04-03,756,758.5,746.799988,753.299988,694.846924,6897127
2019-04-04,751.400024,753.799988,745.099976,747.900024,689.865906,7688525
2019-04-05,750.900024,760.950012,748,759.299988,700.381409,6276040
2019-04-08,763.049988,770,755.400024,767.25,707.714417,4919911
2019-04-09,770,773,758.200012,760.599976,701.580505,6730692
2019-04-10,764,766.700012,751.299988,752.700012,694.293518,7031088
2019-04-11,751.75,751.75,740.049988,742.700012,685.069519,8200995
2019-04-12,743.099976,751.549988,740.599976,747.75,689.727661,7043212
2019-04-15,724.700012,731.349976,712.599976,727.5,671.048889,31574803
2019-04-16,727.900024,727.900024,714.099976,724.099976,667.91272,12524411
2019-04-18,722.5,722.5,712.75,717.049988,661.40979,13801105
2019-04-22,717.049988,725.75,715,721.049988,665.099426,6455426
2019-04-23,723.900024,730,718.400024,728.200012,671.69458,5516668
2019-04-24,728.200012,737.900024,724,736.450012,679.304504,8285120
2019-04-25,736.450012,737.650024,727.049988,728.549988,672.017456,8005235
2019-04-26,731,739.799988,729,738,680.734192,6895168
2019-04-30,738,753.799988,738,751.349976,693.048279,9920046
2019-05-02,747,748.400024,729.5,730.799988,674.092834,6351352
2019-05-03,722.900024,731,718.200012,723.599976,667.451538,6348116
2019-05-06,715,721.799988,710.650024,718.400024,662.65509,8858265
2019-05-07,720.400024,727.900024,718.700012,724.549988,668.327759,5747536
2019-05-08,721,726,716.5,719.349976,663.531311,6247642
2019-05-09,719.150024,730.299988,715.799988,721.049988,665.099426,7396525
2019-05-10,720.799988,726,715,716.849976,661.225281,8352335
2019-05-13,716.549988,726.450012,712.099976,719.700012,663.854187,6808993
2019-05-14,716.5,717.75,703.599976,713.849976,658.458069,10513001
2019-05-15,714.900024,725.200012,712.599976,716.099976,660.533508,6668929
2019-05-16,720,737,719.099976,733.099976,676.214355,6468556
2019-05-17,733.150024,735.799988,720.099976,723.900024,667.728333,8155948
2019-05-20,719.700012,726.400024,706,722.400024,666.344666,11213708
2019-05-21,722.650024,722.650024,707.700012,709.299988,654.261169,8645535
2019-05-22,710,718.25,707,709.75,654.67627,5795713
2019-05-23,715,716.700012,697.450012,701.049988,646.651428,7233736
2019-05-24,703.799988,711.75,700.450012,709.200012,654.168945,7016424
2019-05-27,707.400024,713.799988,705.5,708.099976,653.154358,10247544
2019-05-28,712,733.450012,709.799988,728.099976,671.602356,23860490
2019-05-29,725.5,733.650024,723.650024,727.799988,671.325684,10293077
2019-05-30,727,737.25,722.549988,733.549988,676.629456,15089296
2019-05-31,736.5,742.950012,733.200012,737.75,680.50354,8290306
2019-06-03,729.799988,750.900024,729,744.650024,686.868164,7744761
2019-06-04,737.25,739.450012,733.150024,735.299988,678.243652,11733702
2019-06-06,736.5,744.650024,733.650024,735.599976,678.520447,7563925
2019-06-07,735.849976,743.950012,735.849976,739.099976,681.748779,3218358
2019-06-10,740.099976,754.099976,740.099976,753.5,695.031433,4435148
2019-06-11,755,759,750.5,754.900024,696.322876,5733127
2019-06-12,756.950012,756.950012,745,753.799988,695.308167,8738342
2019-06-13,740,747.200012,740,742.650024,694.700134,4808577
2019-06-14,743.849976,745.5,738.25,740.450012,692.642212,5556353
2019-06-17,743,744.5,737.799988,740.549988,692.735718,3085588
2019-06-18,740.200012,752.450012,740.200012,750.150024,701.716003,6202838
2019-06-19,752.5,755.400024,748.599976,751.900024,703.352966,4596253
2019-06-20,737.799988,756.900024,735.900024,754.900024,706.159241,7148684
2019-06-21,755,755,747.150024,750.200012,701.762695,13200318
2019-06-24,751.900024,751.900024,742.650024,745.5,697.36615,4758178
2019-06-25,744,750.900024,737.299988,748.099976,699.798279,3677911
2019-06-26,743,751.450012,738,739.200012,691.4729,5447130
2019-06-27,742,744.700012,728.150024,730.549988,683.381287,11122346
2019-06-28,735.5,739.5,728.5,732,684.737732,5919494
2019-07-01,735,737.5,729.849976,731.299988,684.082886,3224968
2019-07-02,734,741.650024,730.099976,740,692.221252,4837606
2019-07-03,741,743.200012,730,731.299988,684.082886,5958379
2019-07-04,729,736.400024,728.599976,733.799988,686.42157,3274064
2019-07-05,735,736.400024,713.5,718,671.641663,4926289
2019-07-08,716.450012,724.950012,712.299988,717.599976,671.267456,7177092
2019-07-09,718,719.849976,709.049988,715.5,669.303162,5022638
2019-07-10,709,722.700012,706.5,717.25,670.940186,7573816
2019-07-11,719.450012,723.5,709.599976,721.5,674.91571,6252688
2019-07-12,722.5,730.599976,719.599976,726.75,679.826782,7874441
2019-07-15,763,781.650024,754.200012,779.349976,729.030457,31064152
2019-07-16,777,787.799988,776,784.849976,734.175415,9924322
2019-07-17,783.900024,795,776.75,794.150024,742.874939,6754348
2019-07-18,789.049988,798.5,786.200012,792.700012,741.518677,6534471
2019-07-19,788.700012,794.5,781.25,785.400024,734.689941,6812754
2019-07-22,785.950012,792,782.049988,784.400024,733.754517,7107151
2019-07-23,787,804,785.549988,790.049988,739.039673,10782564
2019-07-24,788,793.75,783.599976,786.299988,735.53186,5745146
2019-07-25,788.25,800.200012,787.650024,794.5,743.202393,9773568
2019-07-26,792.299988,795,782.200012,787,736.186584,4941763
2019-07-29,789.5,796.950012,786.200012,791.450012,740.349365,6244316
2019-07-30,791.900024,797.799988,788.549988,792.700012,741.518677,8673253
2019-07-31,790.849976,799.799988,781.599976,793.650024,742.407349,7350584
2019-08-01,786.450012,788.400024,764.400024,768.849976,719.208435,10066407
2019-08-02,765.049988,779.900024,762.25,775.599976,725.522644,10838336
2019-08-05,772.599976,785.900024,768.650024,776.700012,726.551758,9976238
2019-08-06,778.799988,783.700012,769.799988,774.450012,724.447021,9331718
2019-08-07,778.900024,783.450012,772.349976,776.099976,725.990356,5130457
2019-08-08,782.700012,792.75,781.25,788.75,737.823669,8009009
2019-08-09,792,796.75,784.799988,789.849976,738.8526,4362520
2019-08-13,784.150024,786,760.150024,764.75,715.37323,7517099
2019-08-14,775.099976,778.25,768,774.799988,724.774292,5940968
2019-08-16,780,780.049988,762.5,774.549988,724.540466,5128088
2019-08-19,775.599976,783,773.349976,777.650024,727.440308,3881451
2019-08-20,785.200012,798,783.849976,792.75,741.56543,8435344
2019-08-21,793,803.75,793,799.450012,747.832886,5926896
2019-08-22,799.900024,801.299988,792.349976,795.700012,744.32489,5222488
2019-08-23,796.450012,809.950012,795.799988,802.200012,750.405212,6895015
2019-08-26,795.900024,806.799988,786.900024,802.549988,750.732605,5412074
2019-08-27,791,794.950012,781.099976,784.650024,733.988403,16061642
2019-08-28,787.400024,805,786.299988,802.5,750.685852,5881134
2019-08-29,795.5,809.700012,795.5,806.950012,754.848511,7830413
2019-08-30,810,817.349976,802,814.900024,762.285278,8174186
2019-09-03,815,822.400024,812.049988,814.25,761.677246,5647088
2019-09-04,810.75,822.450012,810.25,821.299988,768.272034,6199015
2019-09-05,830.099976,837.5,826.650024,834.049988,780.198792,7926895
2019-09-06,843.299988,847,835.049988,840.150024,785.905029,6106841
2019-09-09,836.799988,840.299988,827.549988,829.099976,775.56842,4377870
2019-09-11,822.299988,828.549988,814.150024,820.099976,767.149475,7981036
2019-09-12,816.400024,819.849976,810.849976,816.400024,763.688477,4400017
2019-09-13,818.099976,831.049988,817.5,829.299988,775.755371,4832021
2019-09-16,832.049988,837.950012,820.549988,827.700012,774.258789,4846496
2019-09-17,831.5,835,820.549988,831.25,777.57959,5540901
2019-09-18,829.900024,832.950012,824,829.849976,776.269897,3199389
2019-09-19,824.849976,827,815.200012,820.700012,767.710754,6601607
2019-09-20,822.900024,835,802,805,753.024536,22462366
2019-09-23,806.900024,806.900024,741.900024,764.349976,714.999023,17279260
2019-09-24,765,798.650024,765,794.049988,742.781433,13717998
2019-09-25,787.700012,801,781.650024,792.650024,741.471863,9313576
2019-09-26,787.75,797,778.099976,782.549988,732.023926,18442824
2019-09-27,787.049988,794.25,780.099976,782.200012,731.696655,5087642
2019-09-30,785.099976,808,784.150024,805.650024,753.632507,8178091
2019-10-01,807,807.549988,791.549988,793.549988,742.313721,5881438
2019-10-03,792.549988,797.849976,784.150024,785.599976,734.877014,5497672
2019-10-04,790,797.599976,787.049988,793.450012,742.220215,8201713
2019-10-07,794.849976,802,786.099976,789.549988,738.572021,3679845
2019-10-09,795.450012,795.900024,778.799988,783.650024,733.052979,6335025
2019-10-10,785.400024,794.700012,776.599976,783.049988,732.491699,10402917
2019-10-11,781.5,823.799988,776.599976,814.799988,762.191711,20636344
2019-10-14,786.75,797,780,786.099976,735.344727,15150858
2019-10-15,773.099976,775.950012,765,768.299988,718.694031,13762133
2019-10-16,765.25,775.950012,761.549988,771.450012,721.640564,10767032
2019-10-17,767,770.549988,765.099976,769.5,719.816589,9860495
2019-10-18,763.799988,773.799988,760,767.849976,718.273071,10037200
2019-10-22,691.099976,691.099976,638.349976,643.549988,608.336792,90152532
2019-10-23,630,656.650024,615.099976,650.599976,622.742249,60516887
2019-10-24,650,653.200012,632,635.349976,608.145264,25666433
2019-10-25,647,652.5,636,637.450012,610.155396,16549337
2019-10-27,651.099976,652.5,645.549988,648.849976,621.0672,2945281
2019-10-29,651,653.75,647,650.650024,622.790161,16709764
2019-10-30,660.400024,671.400024,656.200012,660.599976,632.314087,22879467
2019-10-31,668.400024,695.450012,666.099976,685.599976,656.243591,27405901
2019-11-01,690,694,682.599976,687.900024,658.445129,9713519
2019-11-04,681.799988,732.5,678.150024,709,678.641724,29381982
2019-11-05,708.75,708.75,691.5,696.099976,666.294006,12897805
2019-11-06,695.799988,721.5,692,712.299988,681.800415,21372589
2019-11-07,717,724.349976,712.099976,720.099976,689.266357,13733737
2019-11-08,722,724.25,705.5,708.150024,677.828125,8585630
2019-11-11,698.900024,707.200012,698,704.400024,674.238708,6951494
2019-11-13,696.5,700,687.75,691.349976,661.747375,9973690
2019-11-14,696.349976,709.799988,696.349976,705.299988,675.100037,10539902
2019-11-15,709.049988,712.950012,702.299988,703.900024,673.760132,7362623
2019-11-18,705,710,699.299988,705.200012,675.004395,7490916
2019-11-19,709.900024,714,705,712.849976,682.326843,6495885
2019-11-20,712.799988,715,705,713,682.470398,6142171
2019-11-21,715.5,721.450012,710.5,713.25,682.709717,9692973
2019-11-22,711.75,712,685.099976,693.200012,663.51825,14415826
2019-11-25,693.349976,705.150024,693.200012,698.099976,668.208374,7334511
2019-11-26,705,707.25,686,690.599976,661.029541,27253106
2019-11-27,694.25,697.650024,690.099976,695.75,665.959045,3861635
2019-11-28,699.099976,703.349976,694.049988,701.849976,671.797791,4837683
2019-11-29,700.900024,702.299988,691.549988,696.349976,666.533264,4262379
2019-12-02,703.099976,704,690.299988,692.700012,663.039673,9383736
2019-12-03,692.700012,699.700012,688.549988,698.349976,668.447632,5239013
2019-12-04,697,710.5,693.349976,708.849976,678.498047,7427886
2019-12-05,706.450012,715.900024,703.799988,714.849976,684.24115,4814422
2019-12-06,715.950012,720,709.599976,715.099976,684.480469,5226096
2019-12-09,716,722.349976,714.25,717.25,686.538391,6435865
2019-12-10,713,718.5,710,714.549988,683.954041,4457939
2019-12-11,716.599976,722.700012,713,721.049988,690.175659,6043554
2019-12-12,718.5,720.700012,699.549988,702.099976,672.037109,11112042
2019-12-13,700.349976,712.900024,700.349976,711.299988,680.843201,10302412
2019-12-16,712.299988,720.200012,710.200012,714,683.427551,5616324
2019-12-17,719.700012,731.25,715,729.700012,698.455322,10525565
2019-12-18,731,737.299988,722.75,732.450012,701.087585,12215295
2019-12-19,733.5,735.950012,724.599976,730.849976,699.556091,7199210
2019-12-20,731,735,728.25,731.549988,700.226074,7794167
2019-12-23,732.150024,737.299988,731.650024,736,704.485596,4975608
2019-12-24,736.950012,736.950012,728.299988,733.400024,701.996948,2890759
2019-12-26,732,734.549988,726.549988,728.950012,697.737427,3821806
2019-12-27,729.75,737.5,728.849976,736.950012,705.394958,3399094
2019-12-30,736.099976,737.950012,727.25,732.900024,701.518311,5368416
2019-12-31,729.700012,737.75,725.450012,731.150024,699.843262,6927885
2020-01-01,735,740,732.549988,736.849976,705.299133,2112415
2020-01-02,738.900024,740.799988,730.900024,734.700012,703.241272,5658200
2020-01-03,733.900024,748,733.900024,746,714.057373,7882938
2020-01-06,746.099976,753.799988,736.5,738.849976,707.213501,6519403
2020-01-07,738,742.599976,725.099976,727.900024,696.732422,7899363
2020-01-08,724.950012,729,708.299988,718.200012,687.447815,8639443
2020-01-09,721.700012,731.5,714.299988,727.549988,696.397461,13521186
2020-01-10,740.450012,742.900024,730.5,738.150024,706.543518,9341405
2020-01-13,760,777.5,755,773.549988,740.427673,36952038
2020-01-14,769.950012,776.950012,767.200012,775.650024,742.437805,11414418
2020-01-15,773.849976,773.849976,762.150024,767.549988,734.684692,6047430
2020-01-16,770.700012,772.5,760.25,767,734.158203,5740586
2020-01-17,770.700012,772.900024,762.25,767.849976,734.971741,3762957
2020-01-20,771.599976,774.400024,762.950012,768.450012,735.546143,3887680
2020-01-21,768.450012,770.5,760.75,762.5,729.850891,4448374
2020-01-22,768.450012,778,766,770.200012,737.22113,9733935
2020-01-23,777.099976,785.5,776.700012,784.349976,750.765259,12528017
2020-01-24,775.75,786.5,773.599976,782.75,749.233826,7540490
2020-01-27,779.049988,784.799988,774.400024,778.099976,744.782837,3741610
2020-01-28,781,781.799988,772,778,744.687195,5121009
2020-01-29,786.599976,792.799988,784.25,789.700012,755.88623,6832757
2020-01-30,789.700012,789.700012,778,780.700012,747.271545,3859680
2020-01-31,780.549988,784.950012,771.599976,775.950012,742.725037,6092028
2020-02-03,782,790.950012,764.5,767.400024,734.541077,6416745
2020-02-04,770.099976,789.900024,770.099976,787.849976,754.115356,5771311
2020-02-05,781,786,774.400024,784.549988,750.956726,6310409
2020-02-06,784.349976,786.799988,770,771.349976,738.32196,7341622
2020-02-07,775.950012,778.849976,771,777.299988,744.01709,2853344
2020-02-10,774,778,769.75,773.200012,740.092773,3827682
2020-02-11,779,779.099976,769.200012,773.549988,740.427673,4312817
2020-02-12,775.799988,783.25,775.099976,781.049988,747.606628,2948825
2020-02-13,785,794,782.200012,792.25,758.327087,4387430
2020-02-14,794.5,799.200012,784.599976,786.450012,752.775452,5321680
2020-02-17,790.299988,793.450012,783.299988,789.450012,755.646973,2929629
2020-02-18,785,799.049988,783.650024,797.650024,763.49585,5083346
2020-02-19,800,804.849976,796.150024,800.450012,766.175903,3985192
2020-02-20,803.25,806.099976,793.849976,797,762.873596,4564569
2020-02-24,800.099976,811.599976,792.150024,795.849976,761.772888,6627536
2020-02-25,799,806,795.400024,798.400024,764.213745,6996695
2020-02-26,793.950012,801.450012,780.5,782.75,749.233826,8760569
2020-02-27,778,780.75,772.200012,777.849976,744.543579,5223386
2020-02-28,750,756.799988,722.049988,731.700012,700.369751,14123957
2020-03-02,737,765.900024,733.75,741.049988,709.319275,9821523
2020-03-03,755,759,741.25,747,715.014587,7826587
2020-03-04,753.900024,761.5,745.549988,758.75,726.261414,11013444
2020-03-05,763.75,773.549988,751.75,754.599976,722.289124,7755293
2020-03-06,741,744,729.099976,738.950012,707.309265,9216022
2020-03-09,724.5,725.849976,697,704.450012,674.286499,10308654
2020-03-11,690.650024,695.950012,669.049988,686,656.626587,16165009
2020-03-12,668,670,627.5,631.200012,604.172974,13965574
2020-03-13,592,667,570,642.349976,614.845459,16903113
2020-03-16,622,622.150024,580,583.150024,558.180481,19140152
2020-03-17,588.099976,592,550,554.950012,531.187866,16059887
2020-03-18,568,578,528,534.299988,511.422028,15390183
2020-03-19,509.25,558,509.25,545.549988,522.190308,16583991
2020-03-20,549.5,617.450012,548,585.200012,560.142639,21354894
2020-03-23,540,560.950012,515.900024,526.450012,503.908203,17146150
2020-03-24,522,601.150024,522,589.799988,564.545593,20027097
2020-03-25,597,635,565.700012,606.200012,580.243408,18339548
2020-03-26,615,650.849976,612.099976,643,615.467773,14843813
2020-03-27,665.049988,674.900024,642.25,652.700012,624.75238,13495283
2020-03-30,625.099976,663.5,621.099976,626.700012,599.865723,14624804
2020-03-31,650,662,633.700012,641.5,614.031921,15175521
2020-04-01,634.349976,637.5,594,602.799988,576.989014,13083824
2020-04-03,603.5,606,582.150024,585.700012,560.621216,10221655
2020-04-07,615,644.25,612.900024,639,611.638977,15145605
2020-04-08,630,655.650024,626.349976,631.599976,604.555786,11806896
2020-04-09,646.799988,652.799988,632.099976,636.25,609.006714,11931114
2020-04-13,629,651.700012,626.049988,637.400024,610.107483,8330276
2020-04-15,651.400024,653.299988,635.599976,639.049988,611.686768,11963447
2020-04-16,619.950012,634.900024,603.5,623.849976,597.137634,17783287
2020-04-17,644,646,626,628.75,601.82782,8878320
2020-04-20,640,661,639,653.299988,625.32666,13322913
2020-04-21,627.799988,646.5,627.799988,633.200012,606.087341,11660575
2020-04-22,633.200012,645,628.049988,641.849976,614.366821,8266728
2020-04-23,647.049988,683.650024,638.099976,679.299988,650.213379,14451289
2020-04-24,668.549988,675,654.799988,658,629.825439,7319940
2020-04-27,661.049988,681,661.049988,664.599976,636.142822,7183306
2020-04-28,673,677,653.049988,660.700012,632.40979,7296571
2020-04-29,666,682,658,676.549988,647.581177,8639056
2020-04-30,700,720,698.099976,715.5,684.863403,16253821
2020-05-04,689.799988,701.200012,670.349976,673.700012,644.853149,9122740
2020-05-05,681.75,685.599976,670,673.700012,644.853149,6393053
2020-05-06,676.900024,681.450012,664.049988,665.900024,637.387207,7934250
2020-05-07,665.549988,674.349976,662.450012,664.950012,636.477844,4779548
2020-05-08,672.25,680.900024,668.5,674.200012,645.331726,8400321
2020-05-11,682.5,698.549988,678,682.900024,653.659302,7370186
2020-05-12,678.5,691,675.5,687.650024,658.205872,7356039
2020-05-13,694.799988,699.900024,683.75,694.150024,664.427551,8287101
2020-05-14,659,671.75,652.599976,658.150024,629.968933,16888262
2020-05-15,664.799988,664.799988,646.700012,652.299988,624.369446,9255353
2020-05-18,659.849976,670.549988,653,663.900024,635.472839,10435442
2020-05-19,664,674.799988,655,668.599976,639.971497,5902208
2020-05-20,668.5,673,659.650024,669.549988,640.880798,5794636
2020-05-21,666.5,679.450012,665.400024,672.200012,643.417358,7213225
2020-05-22,675,695.849976,673.5,692.349976,662.70459,11867731
2020-05-26,693,699.450012,679,680.549988,651.409851,7099606
2020-05-27,686.049988,709.200012,675,705.450012,675.243774,8774636
2020-05-28,707,710,690,707.400024,677.110168,9440091
2020-05-29,692.5,700.799988,674.950012,691,670.41571,28290128
2020-06-01,698.75,706.650024,691.5,699.549988,678.71106,12276438
2020-06-02,700.5,711.650024,697.549988,708.099976,687.006287,7059304
2020-06-03,710.700012,711.900024,696,701.549988,680.651428,11378568
2020-06-04,702,709.450012,697.5,707.75,686.666748,10782424
2020-06-05,707,711.700012,700.599976,703.549988,682.591858,7718679
2020-06-08,707.650024,725.799988,704,720.849976,699.376465,10719105
2020-06-09,720,729.599976,715.049988,717.599976,696.223328,10078029
2020-06-10,715,719.450012,709.200012,715.849976,694.525452,7263049
2020-06-11,712,713.400024,700.25,703.950012,682.979919,8825715
2020-06-12,675.799988,695.150024,675.5,692.049988,671.434387,9795316
2020-06-15,693,704.400024,685.25,687.549988,667.068542,7857344
2020-06-16,702,712,699.150024,701.200012,680.31189,10131760
2020-06-17,699.900024,710.299988,698,703.650024,682.688904,7291916
2020-06-18,708.200012,716.599976,706,713.900024,692.633545,6670195
2020-06-19,709,711.900024,701,705.549988,684.532288,22438862
2020-06-22,707.099976,708.700012,700,703.700012,682.737427,7804096
2020-06-23,695.700012,724.5,692.099976,720.650024,699.182495,12157390
2020-06-24,716.900024,726.799988,709.400024,714.150024,692.876099,10220838
2020-06-25,704.849976,705.599976,693.5,700.5,679.63269,14945284
2020-06-26,710.200012,751.599976,710,748.200012,725.911804,26030458
2020-06-29,735.400024,744.700012,730.099976,731.75,709.951782,8954428
2020-06-30,732.799988,738.950012,724.25,735.950012,714.026733,10411290
2020-07-01,737.25,742.299988,729.75,731.900024,710.097351,5477468
2020-07-02,737.349976,765.450012,735.400024,756.599976,734.061523,17263756
2020-07-03,755,764,752.5,762.700012,739.979858,7796572
2020-07-06,765.200012,775,761.5,764,741.24115,8810958
2020-07-07,769.400024,796.950012,765.549988,794.150024,770.492981,19362533
2020-07-08,784.900024,784.900024,772.200012,774.700012,751.622437,8476642
2020-07-09,780,790,775,781.700012,758.413818,6854166
2020-07-10,773.5,789.900024,773.5,781.849976,758.559387,5206452
2020-07-13,788,805.349976,786.049988,797.049988,773.30658,10804688
2020-07-14,792.950012,806.400024,781.349976,783.25,759.917725,8961822
2020-07-15,799,848.450012,794.799988,830.950012,806.196777,30060599
2020-07-16,900.099976,955.5,894.25,911,883.862183,90432109
2020-07-17,911,919.900024,892.150024,903.150024,876.245972,31682878
2020-07-20,908.5,945,906.75,934.299988,906.468018,18421053
2020-07-21,945,949.700012,929.200012,936.75,908.845032,12877784
2020-07-22,938.950012,939,910,917.900024,890.556641,14354201
2020-07-23,915.650024,915.799988,900.650024,907.950012,880.903015,13051307
2020-07-24,903.25,925.75,903.25,922.849976,895.35907,18209580
2020-07-27,921.549988,952.799988,918.650024,948.450012,920.196594,16827870
2020-07-28,946,967.549988,941.200012,962.849976,934.167542,15818463
2020-07-29,953.25,960,943.599976,954.150024,925.726746,11152710
2020-07-30,962,972.650024,958.75,961.450012,932.809326,12492320
2020-07-31,969.25,986.450012,953.299988,966,937.223755,12704346
2020-08-03,960,965.400024,947.450012,956.900024,928.394836,8479792
2020-08-04,960.450012,970.700012,940.549988,949.849976,921.554749,11133170
2020-08-05,952,960.950012,938.299988,944.700012,916.558228,9614176
2020-08-06,953.5,974.400024,942.5,970.849976,941.929199,10976491
2020-08-07,969.450012,969.450012,949,950.900024,922.573547,8010948
2020-08-10,948.900024,956.799988,945.299988,951.349976,923.010071,5716319
2020-08-11,949.900024,962,946.099976,948.450012,920.196594,6802442
2020-08-12,948,958.799988,942.200012,954.950012,926.50293,6908726
2020-08-13,954.799988,968.5,948.25,951.200012,922.864624,5097703
2020-08-14,955.849976,963,952.049988,953.599976,925.193054,4663873
2020-08-17,954.099976,972.450012,954.099976,957.5,928.976929,9008210
2020-08-18,963.900024,969.200012,958.700012,967.549988,938.727539,6141761
2020-08-19,970.900024,971.549988,957.450012,959.299988,930.723328,6622744
2020-08-20,958.900024,965.5,951.299988,955.150024,926.696899,5656501
2020-08-21,963.049988,963.450012,946.549988,948.799988,920.536072,6513773
2020-08-24,947,952,939.200012,947.400024,919.177856,5798574
2020-08-25,947.5,948.650024,933.599976,938.099976,910.154785,6233918
2020-08-26,941.25,954.25,938.400024,950.799988,922.47644,5153601
2020-08-27,960,960.950012,945.200012,947.049988,918.838257,6154280
2020-08-28,951.450012,952.5,933.049988,935.25,907.389709,7593610
2020-08-31,935.25,950.5,914.599976,928.599976,900.937805,12808355
2020-09-01,926.25,935,912.099976,914.150024,886.918335,6907773
2020-09-02,915,926.400024,913.5,924,896.474915,5678118
2020-09-03,926.5,949.400024,924,935.549988,907.680725,8827948
2020-09-04,915,929.5,914.450012,919.150024,891.769409,8650342
2020-09-07,918.900024,927.549988,913.049988,925.049988,897.49353,6700385
2020-09-08,929.950012,952,925.549988,939.299988,911.319092,12891964
2020-09-09,935,946,926,927.75,900.113159,5528947
2020-09-10,935.299988,942,924.799988,940.049988,912.046753,5171884
2020-09-11,934.900024,954.150024,931,945.700012,917.528442,6671903
2020-09-14,957,991.049988,948.299988,978.400024,949.254333,21871587
2020-09-15,979.5,994,971.650024,982.450012,953.183716,11608203
2020-09-16,986,1005.650024,982,1001.75,971.908752,10059251
2020-09-17,995,1021,995,1011,980.883179,15628241
2020-09-18,1011,1018.799988,999.099976,1002.150024,972.296936,12897633
2020-09-21,1001,1031,1000.5,1009.900024,979.815979,14140637
2020-09-22,1009,1022.5,991.200012,1007.5,977.487488,12625762
2020-09-23,1020.150024,1037,1008.099976,1019.75,989.372559,13486204
2020-09-24,1003,1009,970,975.400024,946.343689,14427432
2020-09-25,975.799988,1014.900024,975,1011.450012,981.319763,13311078
2020-09-28,1014.799988,1016.150024,998.5,1010.400024,980.301086,8554526
2020-09-29,1018,1028,1004.099976,1009,978.94281,8708463
2020-09-30,1009,1023.950012,1005,1008.25,978.215149,8048817
2020-10-01,1020.599976,1026.5,1011.75,1017.650024,987.335144,5563358
2020-10-05,1018.049988,1054.900024,1018.049988,1048.699951,1017.460205,14212509
2020-10-06,1055,1060,1031.349976,1055.75,1024.300049,9090819
2020-10-07,1044.900024,1072,1035.5,1066.550049,1034.778442,9284008
2020-10-08,1090,1124,1088.400024,1093.699951,1061.119629,21482613
2020-10-09,1095.099976,1113.300049,1088.449951,1106.800049,1073.829468,10567867
2020-10-12,1123,1140,1112.099976,1132.099976,1098.375732,14633537
2020-10-13,1135.550049,1166.050049,1135.550049,1157.800049,1123.310181,17523825
2020-10-14,1162,1164.900024,1131.099976,1137,1103.129761,16649573
2020-10-15,1180,1186,1092.5,1108.25,1075.236206,44288251
2020-10-16,1113.849976,1135.949951,1096.900024,1127.5,1093.912842,18365685
2020-10-19,1135,1139,1115.300049,1125.900024,1092.360474,12902123
2020-10-20,1118.900024,1144.699951,1110,1137.5,1103.614868,10448776
2020-10-21,1141.150024,1154.349976,1135,1148.349976,1114.141602,19811433
2020-10-22,1142,1158,1123.800049,1129.050049,1095.416626,11271335
2020-10-23,1133,1135,1120.150024,1122.5,1100.761108,9069862
2020-10-26,1122.25,1129.599976,1103.150024,1112.449951,1090.90564,6309368
2020-10-27,1105.699951,1109.699951,1077.150024,1090.849976,1069.723999,10172479
2020-10-28,1095.5,1104.75,1070.050049,1076.550049,1055.700928,7608392
2020-10-29,1070,1082,1060.099976,1074.849976,1054.033936,6935616
2020-10-30,1072,1083.599976,1052.349976,1060.599976,1040.059814,8800386
2020-11-02,1065,1079.949951,1051.099976,1072.300049,1051.533325,7183119
2020-11-03,1072,1079.400024,1057.5,1062.550049,1041.972168,7204782
2020-11-04,1068,1116,1066.800049,1093.949951,1072.763916,15702690
2020-11-05,1109.900024,1123,1099,1104,1082.619385,9568890
2020-11-06,1108,1121.099976,1091.699951,1112.75,1091.199829,8807127
2020-11-09,1129.300049,1146,1121.150024,1136.550049,1114.539063,10160320
2020-11-10,1113.849976,1113.849976,1078,1091.050049,1069.920166,15622869
2020-11-11,1096,1126.349976,1087,1122.5,1100.761108,12514800
2020-11-12,1128.099976,1142,1113.75,1117.75,1096.103027,9180976
2020-11-13,1120,1133,1117,1124.199951,1102.428101,6363212
2020-11-14,1137,1139.650024,1131.099976,1133.449951,1111.499023,1136144
2020-11-17,1144.75,1145,1112.650024,1123.699951,1101.937744,12813968
2020-11-18,1128.5,1132.699951,1101.449951,1110.550049,1089.042603,9839468
2020-11-19,1100,1114.699951,1093.800049,1096.75,1075.509766,10092343
2020-11-20,1106,1109,1091.099976,1103.349976,1081.981934,8063554
2020-11-23,1105,1144.800049,1101.949951,1139.849976,1117.775024,10546363
2020-11-24,1145,1154.900024,1133.349976,1140.050049,1117.971313,8515426
2020-11-25,1137,1143.5,1111.25,1115.650024,1094.043823,8958701
2020-11-26,1119.949951,1119.949951,1098.300049,1113.199951,1091.641113,10962256
2020-11-27,1118,1121,1091,1100,1078.696777,25306145
2020-12-01,1105.050049,1140.25,1105.050049,1137.849976,1115.813721,8933802
2020-12-02,1134,1147.449951,1121,1140.900024,1118.80481,6741637
2020-12-03,1147,1147,1122.699951,1126.449951,1104.634521,16212632
2020-12-04,1125,1137,1115,1134.650024,1112.675781,10564055
2020-12-07,1147.300049,1153,1136,1143.5,1121.35437,7792141
2020-12-08,1145,1167,1145,1153.349976,1131.013672,12308330
2020-12-09,1168.050049,1179.5,1157,1175.199951,1152.44043,10039346
2020-12-10,1157.400024,1171.650024,1150,1167.75,1145.134644,9488782
2020-12-11,1159.699951,1171.949951,1155.25,1163.199951,1140.672852,10574009
2020-12-14,1169.400024,1172.599976,1148.199951,1164.550049,1141.996826,6728187
2020-12-15,1156,1163.699951,1152,1154.599976,1132.23938,6905926
2020-12-16,1160,1168.900024,1153.599976,1165.699951,1143.12439,7788404
2020-12-17,1165.900024,1168.900024,1156.199951,1159.199951,1136.750366,6658153
2020-12-18,1182.849976,1195,1175.599976,1189.800049,1166.757813,15995676
2020-12-21,1188,1209.75,1152.050049,1177.300049,1154.499756,10858352
2020-12-22,1182,1223.849976,1176.099976,1220.5,1196.863159,10901851
2020-12-23,1238,1258.849976,1230.550049,1253.050049,1228.782837,15878346
2020-12-24,1249.900024,1249.900024,1226,1236.050049,1212.112061,7313885
2020-12-28,1238.449951,1248,1236,1240.300049,1216.279663,4607051
2020-12-29,1235,1254.449951,1235,1250.300049,1226.08606,6878105
2020-12-30,1253,1253.300049,1238.150024,1246.800049,1222.653931,5194690
2020-12-31,1243,1258.400024,1239,1255.800049,1231.479492,7430470
2021-01-01,1257.900024,1265.5,1255.800049,1260.449951,1236.039307,4253550
2021-01-04,1269,1290,1261.150024,1288.25,1263.301025,7208454
2021-01-05,1282,1299,1275.050049,1293.800049,1268.74353,8145280
2021-01-06,1300,1302,1268.050049,1282.099976,1257.270142,7161715
2021-01-07,1296,1297.650024,1255.5,1262.150024,1237.706543,10954918
2021-01-08,1278.25,1316.800049,1278.25,1312.099976,1286.689087,13186251
2021-01-11,1342.099976,1383.349976,1340,1376.199951,1349.547729,20528626
2021-01-12,1378,1378,1360,1371.75,1345.18396,8309868
2021-01-13,1373.849976,1392.800049,1360,1387.150024,1360.285767,14442997
2021-01-14,1360,1384,1318.449951,1370.5,1343.95813,27521697
2021-01-15,1360,1364.449951,1340,1344.949951,1318.902954,15018441
2021-01-18,1338,1340,1306,1312.050049,1286.640137,8861765
2021-01-19,1320,1331,1312,1316.650024,1291.151123,5585744
2021-01-20,1320.550049,1348.400024,1320.550049,1339.449951,1313.509399,8225838
2021-01-21,1350,1361.050049,1335,1339.699951,1313.754517,6142421
2021-01-22,1327,1356,1326.550049,1340.849976,1314.882446,9646591
2021-01-25,1345,1347.900024,1313,1325.099976,1299.437378,6542611
2021-01-27,1319.599976,1327.550049,1285.099976,1301,1275.804077,8133665
2021-01-28,1291.800049,1296.449951,1272.550049,1276.199951,1251.484375,4660690
2021-01-29,1286.25,1291.150024,1231,1239.050049,1215.053833,12183519
2021-02-01,1250.550049,1277.949951,1241,1260.900024,1236.480713,8880279
2021-02-02,1280,1294.400024,1263.599976,1271.25,1246.630249,6892490
2021-02-03,1277.650024,1304,1273,1284.650024,1259.770874,8182968
2021-02-04,1285,1293.400024,1272.050049,1279.349976,1254.573364,5032240
2021-02-05,1286.400024,1288.75,1262,1272.099976,1247.463745,5477481
2021-02-08,1285.5,1310,1275.5,1303.550049,1278.30481,6921922
2021-02-09,1306.900024,1332,1297.849976,1305.550049,1280.266113,7965949
2021-02-10,1295.800049,1304.349976,1283.599976,1296.5,1271.391235,5951207
2021-02-11,1289,1296,1283.050049,1292.650024,1267.615845,4673317
2021-02-12,1305,1323.75,1301.550049,1309.800049,1284.433716,5797875
2021-02-15,1320,1328.400024,1307.099976,1309.650024,1284.286621,4363513
2021-02-16,1314,1319.75,1286,1290.400024,1265.409424,6896421
2021-02-17,1290.400024,1294.5,1275,1281.300049,1256.485718,4575741
2021-02-18,1276,1306,1275,1292.449951,1267.419678,6437551
2021-02-19,1296.099976,1299.5,1276.800049,1291.300049,1266.291992,5389696
2021-02-22,1295,1308.550049,1260,1265.199951,1240.69751,7371303
2021-02-23,1271.150024,1291,1257.550049,1266.349976,1241.825195,6612942
2021-02-24,1260.050049,1276.599976,1252,1274.300049,1249.621338,4537258
2021-02-25,1288.449951,1299.75,1272,1274.550049,1249.866455,8788221
2021-02-26,1269,1274.300049,1244.75,1253.300049,1229.027954,15132388
2021-03-01,1263.300049,1284.5,1259,1267,1242.462646,5756286
2021-03-02,1282.25,1310,1279.199951,1304.5,1279.236328,10461434
2021-03-03,1319.199951,1347,1308,1343.550049,1317.530151,9056399
2021-03-04,1335,1363.849976,1325.900024,1330.349976,1304.585693,12041941
2021-03-05,1328.5,1340,1305.050049,1316.699951,1291.199951,6486176
2021-03-08,1324.800049,1346.099976,1317.199951,1335.75,1309.881226,5119392
2021-03-09,1329.5,1350.449951,1318.75,1345.550049,1319.491333,6518173
2021-03-10,1356.900024,1374,1355,1368.150024,1341.653687,7925984
2021-03-12,1373,1391.699951,1370.050049,1374.849976,1348.223877,9462061
2021-03-15,1370,1379.900024,1358.5,1373.599976,1346.998169,6658635
2021-03-16,1386.050049,1406,1380.5,1384,1357.196655,9352771
2021-03-17,1392.25,1400,1382,1387,1360.13855,7626744
2021-03-18,1393.75,1393.75,1313.5,1337.099976,1311.204956,10961755
2021-03-19,1330,1355.199951,1318,1344.449951,1318.412598,12767112
2021-03-22,1350.099976,1376,1336.099976,1370.800049,1344.252319,4862758
2021-03-23,1372.449951,1383.25,1359.599976,1371.550049,1344.987793,7165335
2021-03-24,1357.849976,1370.449951,1346.25,1353.75,1327.532471,6134303
2021-03-25,1346.75,1352.5,1327.599976,1333.800049,1307.968994,8749994
2021-03-26,1344.699951,1356.699951,1332,1336.199951,1310.322388,4922071
2021-03-30,1346.900024,1400,1336.150024,1385.300049,1358.471558,10546381
2021-03-31,1382,1388,1363.300049,1368.050049,1341.555664,8220987
2021-04-01,1380,1391.599976,1371,1385.199951,1358.373413,5675155
2021-04-05,1391,1425,1387,1409.900024,1382.595215,9479572
2021-04-06,1423,1426,1406.449951,1411.050049,1383.7229,5793571
2021-04-07,1410.25,1434.949951,1406.599976,1430.199951,1402.501953,5879234
2021-04-08,1430,1451.699951,1421,1439.849976,1411.965088,5654434
2021-04-09,1455,1455,1430.050049,1441.050049,1413.141968,6052712
2021-04-12,1474,1477.550049,1415,1425.75,1398.138184,20384532
2021-04-13,1433,1435.25,1375,1397.150024,1370.092041,14855206
2021-04-15,1332.300049,1366.400024,1320,1360.75,1334.396973,25342491
2021-04-16,1365,1370.849976,1346.599976,1353.75,1327.532471,10879878
2021-04-19,1340,1379.699951,1332.349976,1362.550049,1336.162231,12508028
2021-04-20,1379,1379,1342.400024,1351.349976,1325.178955,8560766
2021-04-22,1355.550049,1364.800049,1345.150024,1351.099976,1324.933838,6622446
2021-04-23,1343,1348.400024,1331,1333.800049,1307.968994,7316262
2021-04-26,1332.25,1351.300049,1321,1343.550049,1317.530151,7088606
2021-04-27,1346,1353,1340.150024,1348.5,1322.384277,3636115
2021-04-28,1358,1359.5,1344.599976,1356,1329.738892,4879234
2021-04-29,1368,1369,1351.400024,1356.349976,1330.082153,5412357
2021-04-30,1346.300049,1373.900024,1345.900024,1354.349976,1328.12085,8354677
2021-05-03,1340.800049,1361,1338,1352.050049,1325.865601,4560337
2021-05-04,1354,1354.949951,1324.099976,1329.400024,1303.654175,4887060
2021-05-05,1341.099976,1343.900024,1327.800049,1341.5,1315.519775,3939788
2021-05-06,1345,1364.699951,1337.400024,1361.599976,1335.230469,4810090
2021-05-07,1365.300049,1373.050049,1348.5,1352.550049,1326.355835,4991435
2021-05-10,1349.849976,1352.900024,1335.050049,1339.550049,1313.607544,7195348
2021-05-11,1336.900024,1341,1325.099976,1330.650024,1304.880005,6420988
2021-05-12,1330,1330,1314.5,1327,1301.300537,5241898
2021-05-14,1326.849976,1326.849976,1311.300049,1316.400024,1290.905884,4824609
2021-05-17,1320.300049,1334.949951,1320.300049,1329.400024,1303.654175,5017129
2021-05-18,1338,1344.599976,1329.5,1340,1314.048828,5620150
2021-05-19,1342,1357.449951,1333.25,1337,1311.106934,4435878
2021-05-20,1348.400024,1349.099976,1335,1339.300049,1313.362427,4490092
2021-05-21,1347.5,1357.5,1346.349976,1354.5,1328.267944,4969733
2021-05-24,1356.650024,1363,1345.099976,1348.050049,1321.942993,4225371
2021-05-25,1358,1368,1354.449951,1361.599976,1335.230469,4099340
2021-05-26,1367.900024,1400,1362.050049,1397.25,1370.190063,6850024
2021-05-27,1404.199951,1416.25,1391.699951,1402.25,1375.093262,15365391
2021-05-28,1409.75,1414,1396.099976,1405.050049,1377.839111,4261312
2021-05-31,1401.5,1401.5,1383,1393.75,1381.506592,4429904
2021-06-01,1400,1401,1378.650024,1387.199951,1375.014038,4791325
2021-06-02,1380.75,1391.949951,1365,1378.650024,1366.539185,9272276
2021-06-03,1388.099976,1399,1377.050049,1389.650024,1377.442627,5115645
2021-06-04,1393.949951,1396.900024,1377.650024,1385.650024,1373.477783,4194328
2021-06-07,1391,1392,1377.300049,1389.650024,1377.442627,5154576
2021-06-08,1396,1421.75,1395.550049,1412.949951,1400.537842,7360630
2021-06-09,1413.400024,1425,1404.599976,1415.300049,1402.86731,5394317
2021-06-10,1424,1429,1419,1424.300049,1411.788208,3496575
2021-06-11,1430.099976,1451.599976,1429.449951,1446.900024,1434.189697,6140828
2021-06-14,1471,1477,1453.449951,1461.800049,1448.958862,7132294
2021-06-15,1464,1476,1463,1473.900024,1460.952515,5403104
2021-06-16,1472.699951,1489.449951,1467.5,1480.599976,1467.593628,7661710
2021-06-17,1475.099976,1502.650024,1475.099976,1495.300049,1482.164551,7677951
2021-06-18,1509,1515.800049,1487.400024,1503.300049,1490.094238,13533974
2021-06-21,1493,1505.800049,1484.199951,1500.300049,1487.120605,5454052
2021-06-22,1509.699951,1521.449951,1502.099976,1511.849976,1498.569092,6427862
2021-06-23,1525,1525,1498.650024,1503.150024,1489.945557,5529809
2021-06-24,1517,1568.75,1511.199951,1559.199951,1545.503052,10785137
2021-06-25,1572,1578,1543,1574.199951,1560.371338,9780240
2021-06-28,1572.900024,1580.150024,1560.599976,1571.800049,1557.992554,5019178
2021-06-29,1561,1573.650024,1559.199951,1563.050049,1549.319336,5913567
2021-06-30,1572.050049,1591,1572.050049,1580.800049,1566.913452,6058722
2021-07-01,1576.849976,1576.849976,1559.050049,1560.400024,1546.692627,4814317
2021-07-02,1558.949951,1569.449951,1542.599976,1567.800049,1554.02771,5166064
2021-07-05,1569.150024,1585,1561.050049,1578.949951,1565.07959,4058338
2021-07-06,1573.699951,1586.75,1557.099976,1562.199951,1548.476807,4089574
2021-07-07,1566.050049,1570.550049,1544.650024,1564.599976,1550.855713,4797120
2021-07-08,1568,1576,1549,1560.75,1547.039551,3326813
2021-07-09,1556,1569.900024,1551,1562.900024,1549.170654,3436594
2021-07-12,1570.550049,1578,1533.75,1547.849976,1534.252808,4588982
2021-07-13,1556.400024,1556.400024,1536.300049,1544.949951,1531.378296,4456160
2021-07-14,1554,1582.800049,1538.099976,1576.900024,1563.047729,5657716
2021-07-15,1557.900024,1596.849976,1556,1580.800049,1566.913452,10021355
2021-07-16,1573.75,1574.650024,1549.599976,1555.449951,1541.786011,6265593
2021-07-19,1544.699951,1552.900024,1537.550049,1541.699951,1528.15686,5669162
2021-07-20,1538.300049,1557.699951,1538,1550.050049,1536.433594,5069939
2021-07-22,1561.400024,1592.849976,1561.400024,1590.199951,1576.230835,7854575
2021-07-23,1588.550049,1598.5,1585.050049,1590.449951,1576.478638,4179719
2021-07-26,1594.099976,1611.650024,1594.099976,1603.900024,1589.810547,4586710
2021-07-27,1605,1609.300049,1597.900024,1602.550049,1588.472412,5892859
2021-07-28,1605.099976,1607.599976,1585.5,1605.599976,1591.495483,4686788
2021-07-29,1600.099976,1620,1600.099976,1617,1602.79541,4660873
2021-07-30,1610,1623.400024,1606.150024,1610.5,1596.352539,6234257
2021-08-02,1627.449951,1634.75,1619.199951,1631.550049,1617.217651,5553389
2021-08-03,1647,1658.650024,1635.599976,1655.199951,1640.65979,5513668
2021-08-04,1669.099976,1679.900024,1639.050049,1649.25,1634.762085,6740391
2021-08-05,1649.5,1666,1647.050049,1653.550049,1639.024414,5420536
2021-08-06,1657,1660.650024,1644,1650.199951,1635.703735,3754855
2021-08-09,1661,1667.449951,1646.400024,1663.300049,1648.688721,5018477
2021-08-10,1668,1680,1661.050049,1677.25,1662.516113,6846517
2021-08-11,1674.800049,1684,1668,1677.550049,1662.813599,4899639
2021-08-12,1679.150024,1696.5,1674,1689.599976,1674.75769,5659579
2021-08-13,1697,1722.5,1691.300049,1712.199951,1697.159058,5612790
2021-08-16,1707.699951,1719.949951,1690.099976,1704.400024,1689.427612,4564109
2021-08-17,1703.900024,1748.900024,1686.550049,1741.650024,1726.350464,9510390
2021-08-18,1729,1755.5,1727,1733.449951,1718.222412,6686090
2021-08-20,1716.099976,1745,1716.099976,1732.949951,1717.726807,6206972
2021-08-23,1735.75,1753.150024,1732,1738.75,1723.475952,6189051
2021-08-24,1750,1757,1712.699951,1720.849976,1705.733154,7602939
2021-08-25,1718,1746.900024,1718,1735.550049,1720.304077,6153253
2021-08-26,1734,1746,1720,1727.699951,1712.522949,5302248
2021-08-27,1725,1727.699951,1705.199951,1708.800049,1693.789063,6698514
2021-08-30,1703.050049,1718.650024,1690.400024,1698.050049,1683.133423,6559667
2021-08-31,1700.150024,1715,1685.849976,1706.449951,1691.459595,12255438
2021-09-01,1709.5,1709.5,1673.150024,1677.75,1663.011719,7801974
2021-09-02,1677.349976,1694.300049,1662.650024,1689.099976,1674.261963,6830050
2021-09-03,1696.050049,1705.949951,1684.400024,1700.650024,1685.710571,5339139
2021-09-06,1705.150024,1732,1699.349976,1730.400024,1715.199219,4876026
2021-09-07,1730,1734.900024,1704,1706.650024,1691.657959,3520341
2021-09-08,1700.849976,1700.849976,1682.949951,1693.25,1678.37561,4584896
2021-09-09,1685.900024,1694.900024,1682.150024,1691.599976,1676.740112,3331674
2021-09-13,1683,1701.5,1675.199951,1691.900024,1677.037476,4662374
2021-09-14,1695.949951,1695.949951,1678.599976,1686.150024,1671.338013,4945167
2021-09-15,1693.25,1715.099976,1690.199951,1711.449951,1696.415649,4062344
2021-09-16,1715.199951,1719.25,1691.449951,1702.25,1687.296509,3246568
2021-09-17,1697,1718,1684.449951,1691.300049,1676.442749,7454864
2021-09-20,1685,1707.699951,1677.949951,1687.849976,1673.022949,5660743
2021-09-21,1700,1726.75,1684.650024,1718.449951,1703.354126,4672222
2021-09-22,1717,1738.900024,1713.050049,1716.900024,1701.817871,4553892
2021-09-23,1732,1745,1721.099976,1742.550049,1727.242554,3826090
2021-09-24,1758,1788,1752.449951,1763.849976,1748.355347,8280446
2021-09-27,1768.75,1769,1718.099976,1721.150024,1706.030518,5045337
2021-09-28,1710,1710,1675,1687.099976,1672.279541,6557197
2021-09-29,1659.25,1701.400024,1655,1692.25,1677.384399,7792548
2021-09-30,1703,1703,1670.099976,1675.199951,1660.484131,6914031
2021-10-01,1665.099976,1678.949951,1661.25,1665.150024,1650.522461,5733906
2021-10-04,1672.5,1688,1665.400024,1678.75,1664.00293,2947154
2021-10-05,1671,1702.949951,1663,1692.800049,1677.929565,4373310
2021-10-06,1702.099976,1709,1670,1673.550049,1658.848755,4271698
2021-10-07,1687,1704.199951,1676.650024,1691,1676.145386,5476108
2021-10-08,1705.25,1731.5,1698.400024,1723.849976,1708.706787,4738376
2021-10-11,1682,1730,1663.699951,1690.949951,1676.095703,8840633
2021-10-12,1677,1689,1662,1685.150024,1670.346802,7439300
2021-10-13,1695.949951,1713.650024,1680.050049,1709.199951,1694.185425,7104171
2021-10-14,1754,1783.599976,1698.199951,1715.75,1700.677979,19655776
2021-10-18,1740,1799,1740,1792.150024,1776.40686,13438109
2021-10-19,1814,1834.5,1782.300049,1822.150024,1806.143311,10324260
2021-10-20,1829.400024,1848,1794.050049,1802.349976,1786.517212,5876115
2021-10-21,1814,1814,1746.849976,1753.650024,1738.244995,8779629
2021-10-22,1749.900024,1763.199951,1707,1719.800049,1704.692383,7369809
2021-10-25,1722.050049,1729.75,1687.199951,1707.550049,1692.550049,5905209
2021-10-26,1710.050049,1726.599976,1695.900024,1703.699951,1703.699951,5871709
2021-10-27,1709.099976,1734.150024,1701.150024,1728.949951,1728.949951,5090259
2021-10-28,1719.349976,1724.75,1692.050049,1703.900024,1703.900024,5329972
2021-10-29,1699,1712.599976,1661.050049,1667.75,1667.75,5875091
2021-11-01,1677.5,1707.199951,1676,1700.050049,1700.050049,3636806
2021-11-02,1695,1706.449951,1686.349976,1697.900024,1697.900024,3471772
2021-11-03,1709,1717.449951,1699,1702.5,1702.5,3530713
2021-11-04,1715,1717,1705,1708.699951,1708.699951,483407
2021-11-08,1730,1741,1703,1737.5,1737.5,5245903
2021-11-09,1734.75,1750,1726,1742.5,1742.5,4016134
2021-11-10,1726,1750.949951,1721.949951,1740.150024,1740.150024,4780368
2021-11-11,1732.949951,1739.75,1709,1733.300049,1733.300049,4731349
2021-11-12,1743,1782.849976,1738.050049,1780.199951,1780.199951,5069009
2021-11-15,1782.099976,1800,1775.5,1787.150024,1787.150024,4354074
2021-11-16,1790,1808.949951,1777,1792.300049,1792.300049,6034233
2021-11-17,1792.550049,1802,1780.699951,1787.449951,1787.449951,4732492
2021-11-18,1781.599976,1789.449951,1759,1779.400024,1779.400024,4326924
2021-11-22,1784,1785.400024,1751.150024,1759.400024,1759.400024,6621839
2021-11-23,1735.099976,1747.25,1710,1736.900024,1736.900024,8436160
2021-11-24,1740,1740.5,1688,1696,1696,7333061
2021-11-25,1700,1726.199951,1696.949951,1722.400024,1722.400024,4476260
2021-11-26,1702.550049,1718.349976,1684,1691.650024,1691.650024,4494181
2021-11-29,1691,1712,1669.150024,1696.349976,1696.349976,3942776
2021-11-30,1704.550049,1729.900024,1700.050049,1712.650024,1712.650024,14808963
2021-12-01,1715,1741.900024,1713,1714.900024,1714.900024,5193264
2021-12-02,1715,1750.5,1711.349976,1748.25,1748.25,5559574
2021-12-03,1771.099976,1786.650024,1732.550049,1735.550049,1735.550049,6754012
2021-12-06,1730,1733.949951,1691.5,1695.300049,1695.300049,3991449
2021-12-07,1701.099976,1724.900024,1694,1711.650024,1711.650024,4202122
2021-12-08,1733,1759.800049,1732.599976,1753.349976,1753.349976,3029169
2021-12-09,1759,1769.400024,1742,1763.449951,1763.449951,2082171
2021-12-10,1760,1763.75,1746,1759.25,1759.25,1823469
2021-12-13,1767.050049,1771.349976,1738.800049,1744.650024,1744.650024,4040584
2021-12-14,1730.900024,1763,1710.349976,1752.150024,1752.150024,4768144
2021-12-15,1745,1747.949951,1721.199951,1734.199951,1734.199951,3053149
2021-12-16,1762.650024,1777.599976,1758,1771.599976,1771.599976,4481031
2021-12-17,1820,1842,1806.75,1820.849976,1820.849976,18887243
2021-12-20,1801.699951,1829.650024,1787.300049,1798.900024,1798.900024,5773891
2021-12-21,1801,1838,1801,1811.599976,1811.599976,5353584
2021-12-22,1825,1829.150024,1812.349976,1824.699951,1824.699951,4156428
2021-12-23,1831.25,1861.599976,1827,1857.599976,1857.599976,4112933
2021-12-24,1872.949951,1875.75,1854,1863.5,1863.5,3780347
2021-12-27,1860,1874.5,1845.050049,1866.150024,1866.150024,2647733
2021-12-28,1880.699951,1895.900024,1878.400024,1888,1888,3340933
2021-12-29,1883.5,1893.800049,1876.400024,1885.550049,1885.550049,3236635
2021-12-30,1884.5,1909.800049,1874.349976,1892.849976,1892.849976,4584738
